{
   "distmat" : [
      -0.19836345980335601,
      0.11119083849992301,
      -0.0031497980574221002,
      0.0020584550329018998,
      -0.18162656922388001
   ],
   "imgSize" : [ 3840, 2160 ],
   "kmat" : [
      [ 5042.9922345223104, 0.0, 2001.58795068888 ],
      [ 0.0, 5039.4257876887696, 1006.43327957508 ],
      [ 0.0, 0.0, 1.0 ]
   ],
   "markerSize" : 0.01,
   "specialMarkerSize" : {
      "100":0.1,
      "200": 0.2
   }
}
